sequenceID,-5.0,-4.5,-4.0,-3.5,-3.0,-2.5,-2.0,-1.5,-1.0,-0.5,0.0,0.5,1.0,1.5,2.0,2.5,3.0,3.5,4.0,4.5,5.0
1.1,1,1,1,1,1,1,1,1,0,0,0,0,1,1,1,1,1,1,1,1,1
1.11,1,1,1,1,1,1,1,1,1,0,0,0,1,1,1,1,1,1,1,1,1
1.15,1,1,1,1,1,1,1,0,0,0,0,0,0,0,0,0,0,0,0,0,0
1.6,1,1,1,1,1,1,1,1,0,0,0,0,0,0,0,0,0,0,0,0,0
1.9,1,1,1,1,1,1,1,1,1,1,0,0,0,0,0,0,0,0,0,0,0
106.11,1,1,1,1,1,1,1,1,1,1,0,0,0,1,1,1,1,1,1,1,1
106.17,1,1,1,1,1,1,1,1,0,0,0,0,0,1,1,1,1,1,1,1,1
106.5,1,1,1,1,1,1,1,0,0,0,1,1,1,1,1,1,1,1,1,1,1
106.6,1,1,1,1,1,1,1,0,0,0,0,1,1,1,1,1,1,1,1,1,1
106.9,1,1,1,1,1,1,1,1,0,0,0,0,0,0,0,0,0,0,0,0,0
109.2,1,1,1,1,1,1,1,1,1,0,0,1,1,1,1,1,1,1,1,1,1
109.8,1,1,1,1,1,1,1,0,0,0,0,0,0,0,0,0,0,0,0,0,0
11.1,1,1,1,1,1,1,1,1,1,1,0,0,0,0,0,0,0,0,0,0,0
11.4,1,1,1,1,1,1,1,1,1,0,0,0,0,0,0,0,0,0,0,0,0
12.1,1,1,1,1,1,1,1,0,0,0,0,1,1,1,1,1,1,1,1,1,1
12.11,1,1,1,1,1,1,1,1,0,0,0,0,0,1,1,1,1,1,1,1,1
12.17,1,1,1,1,1,1,1,1,1,0,0,0,0,1,1,1,1,1,1,1,1
12.2,1,1,1,1,1,1,1,0,0,0,0,0,1,1,1,1,1,1,1,1,1
12.6,1,1,1,1,1,1,1,1,0,0,0,0,1,1,1,1,1,1,1,1,1
12.X,2,2,2,2,2,2,2,2,0,0,0,1,1,1,1,1,1,1,1,1,1
128.12,1,1,1,1,1,1,1,1,0,0,0,1,1,1,1,1,1,1,1,1,1
128.17,1,1,1,1,1,1,1,1,1,1,0,0,0,1,1,1,1,1,1,1,1
128.2,1,1,1,1,1,1,1,0,0,0,0,1,1,1,1,1,1,1,1,1,1
128.3,1,1,1,1,1,1,1,1,0,0,0,0,1,1,1,1,1,1,1,1,1
128.6,1,1,1,1,1,1,1,0,0,0,0,1,1,1,1,1,1,1,1,1,1
138.1,1,1,1,1,1,1,1,1,1,0,0,0,1,1,1,1,1,1,1,1,1
139.3,1,1,1,1,1,1,1,0,0,0,0,1,1,1,1,1,1,1,1,1,1
139.4,1,1,1,1,1,0,0,0,0,0,1,1,1,1,1,1,1,1,1,1,1
139.7,1,1,1,1,1,1,1,1,0,0,0,0,1,1,1,1,1,1,1,1,1
145.1,1,1,1,1,1,1,1,1,0,0,0,0,0,0,0,0,0,0,0,0,0
145.17,1,1,1,1,1,1,1,1,1,0,0,0,0,0,0,0,0,0,0,0,0
145.19,1,1,1,1,1,1,1,1,0,0,1,1,1,1,1,1,1,1,1,1,1
145.2,1,1,1,1,1,1,1,0,0,0,0,0,0,0,0,0,0,0,0,0,0
145.3,1,1,1,1,1,1,1,0,0,0,0,0,0,0,0,0,0,0,0,0,0
145.4,1,1,1,1,1,1,1,0,0,0,1,1,1,1,1,1,1,1,1,1,1
145.6,1,1,1,1,1,1,1,0,0,0,0,0,0,0,0,0,0,0,0,0,0
145.7,1,1,1,1,1,1,1,0,0,0,0,0,0,0,0,0,0,0,0,0,0
149.1,1,1,1,1,1,1,1,0,0,0,1,1,1,1,1,1,1,1,1,1,1
149.11,1,1,1,1,1,1,1,1,1,0,0,0,0,0,0,0,0,0,0,0,0
149.2,1,1,1,1,1,1,1,1,0,0,0,0,0,0,0,0,0,0,0,0,0
149.6,1,1,1,1,1,1,1,0,0,0,0,0,1,1,1,1,1,1,1,1,1
153.11,1,1,1,1,1,1,1,1,1,1,0,0,0,0,0,0,0,0,0,0,0
153.17,1,1,1,1,1,1,1,1,1,0,0,1,1,1,1,1,1,1,1,1,1
153.18,1,1,1,1,1,1,1,0,0,0,1,1,1,1,1,1,1,1,1,1,1
153.2,1,1,1,1,1,1,1,0,0,0,0,0,1,1,1,1,1,1,1,1,1
153.4,1,1,1,1,1,1,1,0,0,0,0,1,1,1,1,1,1,1,1,1,1
153.7,1,1,1,1,1,1,1,1,0,0,1,1,1,1,1,1,1,1,1,1,1
162.1,1,1,1,1,1,1,1,0,0,0,0,1,1,1,1,1,1,1,1,1,1
162.11,1,1,1,1,1,1,1,1,1,0,0,0,1,1,1,1,1,1,1,1,1
162.17,1,1,1,1,1,1,1,1,1,0,0,0,1,1,1,1,1,1,1,1,1
162.19,1,1,1,1,1,1,1,1,0,0,0,1,1,1,1,1,1,1,1,1,1
162.22,1,1,1,1,1,1,0,0,0,0,0,0,0,0,0,0,0,0,0,0,0
162.3,2,2,2,2,2,2,2,0,0,0,0,0,1,1,1,1,1,1,1,1,1
162.5,1,1,1,1,1,1,1,1,1,0,0,0,1,1,1,1,1,1,1,1,1
162.7,1,1,1,1,1,1,1,1,0,0,0,1,1,1,1,1,1,1,1,1,1
162.8,1,1,1,1,1,1,0,0,0,0,0,0,0,0,0,0,0,0,0,0,0
17.1,1,1,1,1,1,1,1,1,0,0,0,1,1,1,1,1,1,1,1,1,1
17.11,2,2,2,2,2,2,2,1,1,0,0,1,1,1,1,1,1,1,1,1,1
172.1,1,1,1,1,1,1,1,1,1,0,0,1,1,1,1,1,1,1,1,1,1
172.17,1,1,1,1,1,1,1,1,0,0,0,1,1,1,1,1,1,1,1,1,1
172.3,1,1,1,1,1,1,1,0,0,0,0,1,1,1,1,1,1,1,1,1,1
172.4,1,1,1,1,1,1,1,0,0,0,1,1,1,1,1,1,1,1,1,1,1
173.11,1,1,1,1,1,1,1,0,0,0,0,1,1,1,1,1,1,1,1,1,1
173.15,1,1,1,1,1,1,1,1,0,0,0,1,1,1,1,1,1,1,1,1,1
173.16,1,1,1,1,1,1,1,0,0,0,0,1,1,1,1,1,1,1,1,1,1
173.19,1,1,1,1,1,1,1,1,1,0,0,0,0,0,0,0,0,0,0,0,0
173.4,1,1,1,1,1,1,1,1,0,0,0,0,0,0,0,0,0,0,0,0,0
173.8,1,1,1,1,1,1,0,0,0,0,0,1,1,1,1,1,1,1,1,1,1
188.1,1,1,1,1,1,1,1,1,0,0,0,0,0,1,1,1,1,1,1,1,1
188.2,1,1,1,1,1,1,1,0,0,0,0,0,0,0,0,0,0,0,0,0,0
188.3,1,1,1,1,1,1,1,1,1,0,0,0,0,1,1,1,1,1,1,1,1
188.6,1,1,1,1,1,1,1,1,0,0,0,0,0,0,0,0,0,0,0,0,0
188.9,1,1,1,1,1,1,1,1,0,0,0,0,1,1,1,1,1,1,1,1,1
189.1,1,1,1,1,1,1,1,1,1,0,0,0,1,1,1,1,1,1,1,1,1
189.11,1,1,1,1,1,1,1,1,0,0,0,0,0,1,1,1,1,1,1,1,1
189.15,1,1,1,1,1,1,1,1,1,0,0,1,1,1,1,1,1,1,1,1,1
189.17,1,1,1,1,1,1,1,1,1,0,0,0,0,1,1,1,1,1,1,1,1
189.18,1,1,1,1,1,1,1,0,0,0,1,1,1,1,1,1,1,1,1,1,1
189.2,1,1,1,1,1,1,1,0,0,0,1,1,1,1,1,1,1,1,1,1,1
189.20,1,1,1,1,1,1,1,1,1,1,0,1,1,1,1,1,1,1,1,1,1
189.3,1,1,1,1,1,1,1,1,0,0,0,0,0,0,0,0,0,0,0,0,0
189.5,1,1,1,1,1,1,1,1,0,0,0,0,1,1,1,1,1,1,1,1,1
189.X,1,1,1,1,1,1,1,1,0,0,0,0,0,0,0,0,0,0,0,0,0
2.1,1,1,1,1,1,1,1,1,0,0,0,0,0,0,1,1,1,1,1,1,1
2.19,1,1,1,1,1,1,1,0,0,0,0,0,0,0,0,0,0,0,0,0,0
20003.2,2,2,2,2,2,2,2,2,2,2,2,2,0,0,0,0,0,0,0,0,0
20005.2,4,4,4,4,4,4,4,4,4,4,3,2,0,0,0,1,2,2,2,2,2
20005.3,3,3,3,3,3,3,3,3,2,1,0,0,2,2,1,3,3,3,3,3,3
20033.11,2,2,2,2,2,2,2,2,2,1,0,0,0,2,2,2,2,2,2,2,2
20052.3,1,1,1,1,1,1,1,1,1,0,0,0,1,1,1,1,1,1,1,1,1
20082.22,2,2,2,2,2,2,2,2,2,2,2,1,0,0,0,0,1,1,1,1,1
20090.20,1,1,1,1,1,1,1,1,1,1,1,1,0,0,1,1,1,1,1,1,1
20092.19,1,1,1,1,1,1,1,1,1,1,1,1,0,0,0,0,1,1,1,1,1
20105.22,1,1,1,1,1,1,1,1,1,1,0,1,1,1,1,1,1,1,1,1,1
20108.20,2,2,2,2,2,2,2,2,2,2,2,2,1,1,1,0,0,0,0,0,0
20109.20,1,1,1,1,1,1,1,1,1,1,0,0,0,0,1,1,1,1,1,1,1
20118.2,4,4,4,4,4,4,4,4,4,2,2,1,0,1,1,2,3,3,3,3,3
20119.2,2,2,2,2,2,2,2,2,2,2,0,0,0,0,1,1,1,1,1,1,1
20121.14,2,2,2,2,2,2,2,2,2,2,1,1,1,0,0,0,1,1,1,1,1
20121.7,2,2,2,2,2,2,2,2,0,0,0,2,2,2,2,2,2,2,2,2,2
20124.1,1,1,1,1,1,1,1,1,1,1,1,1,1,0,0,0,0,0,0,0,0
20124.16,1,1,1,1,1,1,1,1,1,1,1,1,1,0,0,0,0,0,0,0,0
20124.2,1,1,1,1,1,1,1,1,1,1,1,1,0,0,0,0,0,0,0,0,0
20124.3,1,1,1,1,1,1,1,1,1,1,1,0,0,0,0,0,0,1,1,1,1
20129.20,1,1,1,1,1,1,1,1,1,1,0,0,0,1,1,1,1,1,1,1,1
20133.X,3,3,3,3,3,3,3,3,2,0,0,1,1,3,3,3,3,3,3,3,3
20134.X,3,3,3,3,3,3,3,3,3,0,0,1,2,2,2,2,3,3,3,3,3
20135.14,2,2,2,2,2,2,2,2,2,2,1,0,1,1,1,1,1,1,1,1,1
20136.17,1,1,1,1,1,1,1,1,1,0,0,1,1,1,1,1,1,1,1,1,1
20138.1,2,2,2,2,2,2,2,0,0,0,0,2,2,2,2,2,2,2,2,2,2
20139.12,1,1,1,1,1,1,1,1,1,1,1,1,1,1,1,1,1,1,1,1,1
20139.16,2,2,2,2,2,2,2,2,2,1,1,2,2,2,2,2,2,2,2,2,2
20139.17,2,2,2,2,2,2,2,2,2,2,2,1,0,0,0,1,1,1,1,1,1
20139.3,1,1,1,1,1,1,1,1,1,1,1,1,0,0,0,0,0,0,0,0,0
20139.4,1,1,1,1,1,1,1,1,1,1,1,1,0,0,0,0,0,0,0,0,0
20139.5,1,1,1,1,1,1,1,1,1,0,0,1,1,1,1,1,1,1,1,1,1
20140.14,1,1,1,1,1,1,1,1,1,0,0,0,1,1,1,1,1,1,1,1,1
20140.15,1,1,1,1,1,1,1,1,0,0,1,1,1,1,1,1,1,1,1,1,1
20141.12,1,1,1,1,1,1,1,1,1,0,1,1,1,1,1,1,1,1,1,1,1
20141.14,1,1,1,1,1,1,1,1,1,0,0,0,1,1,1,1,1,1,1,1,1
20141.5,1,1,1,1,1,1,1,1,1,0,0,1,1,1,1,1,1,1,1,1,1
20142.18,1,1,1,1,1,1,1,1,1,1,1,0,0,1,1,1,1,1,1,1,1
20142.22,3,3,3,3,3,3,3,2,2,1,1,2,2,2,2,2,2,2,2,2,2
20143.X,2,2,2,2,2,2,2,2,2,2,1,1,1,1,1,1,1,1,1,1,1
20144.14,2,2,2,2,2,2,2,1,1,0,1,1,2,2,2,2,2,2,2,2,2
20144.9,1,1,1,1,1,1,1,0,0,0,0,1,1,1,1,1,1,1,1,1,1
20145.1,1,1,1,1,1,1,1,1,1,1,1,1,1,1,1,1,1,1,1,1,1
20145.10,1,1,1,1,1,1,1,1,0,0,0,1,1,1,1,1,1,1,1,1,1
20145.12,1,1,1,1,1,1,1,1,1,0,1,1,1,1,1,1,1,1,1,1,1
20145.14,1,1,1,1,1,1,1,1,1,0,0,0,1,1,1,1,1,1,1,1,1
20145.4,2,2,2,2,2,2,2,2,2,1,1,1,1,1,1,1,1,1,1,1,1
20145.8,1,1,1,1,1,1,1,1,0,0,1,1,1,1,1,1,1,1,1,1,1
20145.9,2,2,2,2,2,2,2,2,2,1,0,0,0,0,2,2,2,2,2,2,2
20145.X,3,3,3,3,3,3,3,3,2,2,0,0,1,3,3,3,3,3,3,3,3
20146.17,1,1,1,1,1,1,1,1,1,0,0,0,0,0,0,0,0,0,0,0,0
20146.4,1,1,1,1,1,1,1,1,1,0,0,1,1,1,1,1,1,1,1,1,1
20148.1,3,3,3,3,3,3,3,3,3,1,1,1,2,2,2,2,3,3,3,3,3
20151.14,2,2,2,2,2,2,1,1,1,1,1,1,1,1,1,1,1,1,1,1,1
20151.17,1,1,1,1,1,1,1,1,1,1,1,1,0,0,0,0,0,0,0,0,0
20154.4,2,2,2,2,2,2,2,2,2,2,2,2,0,0,0,1,1,1,1,1,1
20154.9,1,1,1,1,1,1,1,1,1,1,0,0,0,0,1,1,1,1,1,1,1
20157.11,2,2,2,2,2,2,2,2,2,1,0,0,0,1,1,2,2,2,2,2,2
20158.1,2,2,2,1,1,1,1,1,0,0,0,2,2,2,2,2,2,2,2,2,2
20158.9,3,3,3,3,3,3,3,3,3,1,0,2,2,2,2,2,2,2,2,2,2
20159.1,5,5,5,5,5,5,5,5,3,1,1,1,3,3,3,4,4,4,4,4,4
20159.14,1,1,1,1,1,1,1,1,1,0,0,0,1,1,1,1,1,1,1,1,1
20159.15,1,1,1,1,1,1,1,1,1,1,0,0,0,0,1,1,1,1,1,1,1
20159.3,2,2,2,2,2,2,2,2,1,1,1,0,1,1,1,1,1,1,1,1,1
20159.4,4,4,4,4,4,4,4,3,2,1,1,2,3,3,3,3,3,3,3,3,3
20159.9,2,2,2,2,2,2,2,2,2,2,2,1,1,0,0,0,1,1,1,1,1
20160.14,1,1,1,1,1,1,1,1,1,0,0,0,1,1,1,1,1,1,1,1,1
20160.17,1,1,1,1,1,1,1,1,1,1,1,1,0,0,0,0,0,0,0,0,0
20160.4,1,1,1,1,1,1,1,1,1,1,0,0,1,1,1,1,1,1,1,1,1
20160.5,2,2,2,2,2,2,2,2,2,1,2,2,1,1,1,1,1,1,1,1,1
20161.1,1,1,1,1,1,1,1,1,1,1,0,0,0,0,1,1,1,1,1,1,1
20161.12,1,1,1,1,1,1,1,1,1,0,1,1,1,1,1,1,1,1,1,1,1
20161.22,1,1,1,1,1,1,1,1,1,1,1,1,1,1,1,1,1,1,1,1,1
20162.12,1,1,1,1,1,1,1,1,1,0,1,1,1,1,1,1,1,1,1,1,1
20162.17,1,1,1,1,1,1,1,1,1,1,1,1,0,0,0,0,0,0,0,0,0
20162.7,2,2,2,2,2,2,2,2,1,0,0,0,1,1,2,2,2,2,2,2,2
20163.1,1,1,1,1,1,1,1,1,1,0,0,1,1,1,1,1,1,1,1,1,1
20163.7,2,2,2,2,2,2,2,2,1,0,1,2,2,2,2,2,2,2,2,2,2
20163.9,4,4,4,4,4,4,4,3,2,0,0,4,4,4,4,4,4,4,4,4,4
20164.1,3,3,3,3,3,3,3,2,1,1,1,3,3,3,3,3,3,3,3,3,3
20164.14,1,1,1,1,1,1,1,1,1,0,0,0,1,1,1,1,1,1,1,1,1
20164.4,2,2,2,2,2,2,2,2,2,2,2,1,1,1,1,1,1,1,1,1,1
20165.15,1,1,1,1,1,1,1,1,1,1,0,0,0,0,0,1,1,1,1,1,1
20165.22,2,2,2,2,2,2,2,2,2,1,1,1,1,1,1,1,1,1,1,1,1
20165.4,1,1,1,1,1,1,1,0,0,0,1,1,1,1,1,1,1,1,1,1,1
20166.12,1,1,1,1,1,1,1,1,1,0,1,1,1,1,1,1,1,1,1,1,1
20166.17,1,1,1,1,1,1,1,1,1,1,1,0,0,0,1,1,1,1,1,1,1
20166.4,2,2,2,2,2,2,2,2,2,2,1,1,1,1,1,1,1,1,1,1,1
20167.22,3,3,3,3,3,3,3,3,2,1,1,2,2,2,2,2,2,2,2,2,2
20167.4,2,2,2,2,2,2,2,2,2,2,2,1,1,1,1,1,1,1,1,1,1
20168.11,2,2,2,2,2,2,2,2,1,1,0,1,1,1,1,1,1,1,1,1,1
20168.16,1,1,1,1,1,1,1,1,0,0,1,1,1,1,1,1,1,1,1,1,1
20168.17,2,2,2,2,2,2,2,2,2,1,1,1,1,1,1,1,1,1,1,1,1
20168.19,2,2,2,2,2,2,1,1,1,0,2,2,2,2,2,2,2,2,2,2,2
20168.4,2,2,2,2,2,2,2,2,2,1,1,2,1,1,1,1,1,1,1,1,1
20169.10,1,1,1,1,1,1,1,1,1,0,1,1,1,1,1,1,1,1,1,1,1
20169.14,2,2,2,2,2,2,2,2,2,1,1,1,0,1,1,1,1,1,1,1,1
20169.9,1,1,1,1,1,1,1,1,1,1,1,1,0,0,0,0,0,0,0,0,0
20170.17,2,2,2,2,2,2,2,2,2,1,2,2,2,2,2,2,2,2,2,2,2
20171.12,1,1,1,1,1,1,1,1,1,0,0,1,1,1,1,1,1,1,1,1,1
20171.16,4,4,4,4,4,4,4,4,4,2,0,2,2,2,2,2,2,2,2,2,2
20171.17,1,1,1,1,1,1,1,1,1,1,0,1,1,1,1,1,1,1,1,1,1
20172.20,6,6,6,6,6,6,6,6,6,4,2,1,3,4,4,4,4,4,4,4,4
20172.3,4,4,4,4,4,4,4,4,4,2,2,0,2,2,3,4,4,4,4,4,4
20173.19,1,1,1,1,1,1,1,1,0,0,0,1,1,1,1,1,1,1,1,1,1
20177.20,1,1,1,1,1,1,1,1,1,1,0,0,0,1,1,1,1,1,1,1,1
20178.20,1,1,1,1,1,1,1,1,1,1,1,0,0,0,1,1,1,1,1,1,1
20183.20,1,1,1,1,1,1,1,1,1,1,0,0,0,1,1,1,1,1,1,1,1
20184.22,1,1,1,1,1,1,1,1,1,1,1,0,0,1,1,1,1,1,1,1,1
20186.22,1,1,1,1,1,1,1,1,1,1,1,0,0,1,1,1,1,1,1,1,1
204.2,1,1,1,1,1,1,1,0,0,0,0,1,1,1,1,1,1,1,1,1,1
207.10,3,3,3,3,3,3,3,2,0,0,0,0,2,2,2,2,2,2,2,2,2
207.12,1,1,1,1,1,1,0,0,0,0,0,0,1,1,1,1,1,1,1,1,1
207.15,1,1,1,1,1,1,1,0,0,0,0,1,1,1,1,1,1,1,1,1,1
207.17,1,1,1,1,1,1,1,1,0,0,0,0,1,1,1,1,1,1,1,1,1
207.18,1,1,1,1,1,1,1,0,0,0,0,0,0,0,0,0,0,0,0,0,0
207.4,1,1,1,1,1,1,1,0,0,0,0,0,1,1,1,1,1,1,1,1,1
207.5,2,2,2,2,2,2,2,1,0,0,0,0,1,1,1,1,1,1,1,1,1
217.17,1,1,1,1,1,1,1,0,0,0,1,1,1,1,1,1,1,1,1,1,1
219.2,1,1,1,1,1,1,1,1,0,0,0,0,0,0,0,0,0,0,0,0,0
219.5,1,1,1,1,1,1,1,1,0,1,1,1,1,1,1,1,1,1,1,1,1
220.11,1,1,1,1,1,1,1,1,0,0,0,0,1,1,1,1,1,1,1,1,1
220.17,1,1,1,1,1,1,1,1,1,1,0,0,1,1,1,1,1,1,1,1,1
220.19,1,1,1,1,1,1,1,1,0,0,0,0,0,0,0,0,0,0,0,0,0
220.2,1,1,1,1,1,1,1,1,0,0,0,1,1,1,1,1,1,1,1,1,1
220.20,1,1,1,1,1,1,1,1,0,0,0,1,1,1,1,1,1,1,1,1,1
220.7,1,1,1,1,1,1,1,0,0,0,1,1,1,1,1,1,1,1,1,1,1
226.1,1,1,1,1,1,1,1,1,1,0,0,0,1,1,1,1,1,1,1,1,1
227.1,1,1,1,1,1,1,1,0,0,0,0,0,1,1,1,1,1,1,1,1,1
227.2,1,1,1,1,1,0,0,0,0,0,1,1,1,1,1,1,1,1,1,1,1
227.4,1,1,1,1,1,1,1,0,0,0,0,1,1,1,1,1,1,1,1,1,1
247.1,2,2,2,2,2,2,2,1,0,0,0,2,2,2,2,2,2,2,2,2,2
247.11,1,1,1,1,1,1,1,1,0,0,0,0,0,1,1,1,1,1,1,1,1
247.20,1,1,1,1,1,1,1,1,0,0,0,0,0,0,0,0,0,0,0,0,0
247.4,1,1,1,1,1,1,0,0,0,0,0,0,0,0,0,0,0,0,0,0,0
247.X,1,1,1,1,1,1,1,1,1,0,0,1,1,1,1,1,1,1,1,1,1
257.1,1,1,1,1,1,1,1,1,1,0,0,0,0,1,1,1,1,1,1,1,1
257.10,1,1,1,1,1,1,1,1,0,0,0,0,1,1,1,1,1,1,1,1,1
257.17,1,1,1,1,1,1,1,1,0,0,0,0,1,1,1,1,1,1,1,1,1
26.11,1,1,1,1,1,1,1,1,0,0,0,1,1,1,1,1,1,1,1,1,1
26.17,1,1,1,1,1,1,1,1,0,0,0,0,0,0,0,0,0,0,0,0,0
26.4,1,1,1,1,1,1,1,1,0,0,1,1,1,1,1,1,1,1,1,1,1
26.8,1,1,1,1,1,1,1,0,0,0,0,1,1,1,1,1,1,1,1,1,1
268.3,1,1,1,1,1,1,1,1,0,0,0,0,1,1,1,1,1,1,1,1,1
270.11,1,1,1,1,1,1,1,1,1,1,1,0,0,1,1,1,1,1,1,1,1
273.17,1,1,1,1,1,1,1,1,1,0,0,0,1,1,1,1,1,1,1,1,1
273.6,1,1,1,1,1,1,1,1,0,0,0,0,1,1,1,1,1,1,1,1,1
275.1,1,1,1,1,1,1,1,1,1,0,0,0,0,0,1,1,1,1,1,1,1
275.2,1,1,1,1,1,1,1,1,0,0,0,0,1,1,1,1,1,1,1,1,1
294.1,1,1,1,1,1,1,1,1,1,0,0,0,1,1,1,1,1,1,1,1,1
30001.3,3,3,3,3,3,3,3,3,3,2,1,1,1,2,2,2,2,2,2,2,2
30001.8,1,1,1,1,1,1,1,1,1,1,1,0,0,0,0,0,0,0,0,0,0
30011.11,2,2,2,2,2,2,2,2,2,2,2,1,1,1,0,1,1,1,1,1,1
30011.13,1,1,1,1,1,1,1,1,1,0,0,0,1,1,1,1,1,1,1,1,1
30011.15,1,1,1,1,1,1,1,1,1,1,1,1,1,0,0,0,0,0,0,0,0
30011.2,1,1,1,1,1,1,1,1,1,1,1,1,0,0,0,0,0,0,0,0,0
30011.22,2,2,2,2,2,2,2,2,2,2,2,1,0,0,1,1,1,1,1,1,1
30011.7,2,2,2,2,2,2,2,2,2,2,1,1,1,1,1,1,1,1,1,1,1
30011.8,1,1,1,1,1,1,1,1,1,1,0,1,1,0,0,0,0,0,0,0,0
30016.6,3,3,3,3,3,3,3,3,3,1,1,1,2,1,1,1,2,2,3,3,3
30020.4,2,2,2,2,2,2,2,2,2,2,2,2,2,2,1,0,0,0,0,0,0
30022.12,1,1,1,1,1,1,1,1,1,1,1,1,0,0,0,0,0,0,0,0,0
30022.17,1,1,1,1,1,1,1,1,1,1,1,1,0,0,0,0,0,0,0,0,0
30022.9,2,2,2,2,2,2,2,2,2,2,1,1,0,1,1,1,1,1,1,1,1
30023.17,1,1,1,1,1,1,1,1,1,1,0,0,0,1,1,1,1,1,1,1,1
30023.9,1,1,1,1,1,1,1,1,1,0,0,0,0,1,1,1,1,1,1,1,1
30024.17,1,1,1,1,1,1,1,1,1,1,1,1,0,0,0,0,0,0,0,0,0
30024.4,1,1,1,1,1,1,1,1,1,0,0,0,0,1,1,1,1,1,1,1,1
30024.6,1,1,1,1,1,1,1,1,1,1,0,0,0,0,1,1,1,1,1,1,1
311.1,1,1,1,1,1,1,1,1,1,0,0,0,0,0,0,0,0,0,0,0,0
311.11,1,1,1,1,1,1,1,1,1,0,0,0,1,1,1,1,1,1,1,1,1
311.15,1,1,1,1,1,1,1,0,0,0,0,0,1,1,1,1,1,1,1,1,1
311.16,1,1,1,1,1,1,1,1,0,0,0,0,1,1,1,1,1,1,1,1,1
311.20,1,1,1,1,1,1,1,0,0,0,1,1,1,1,1,1,1,1,1,1,1
311.7,1,1,1,1,1,1,1,1,1,0,0,0,0,1,1,1,1,1,1,1,1
314.1,1,1,1,1,1,1,1,1,1,0,0,0,0,0,1,1,1,1,1,1,1
314.5,1,1,1,1,1,1,1,1,1,1,0,0,1,1,1,1,1,1,1,1,1
314.8,1,1,1,1,1,1,1,1,0,0,0,1,1,1,1,1,1,1,1,1,1
316.1,1,1,1,1,1,1,1,0,0,0,0,1,1,1,1,1,1,1,1,1,1
316.10,1,1,1,1,1,1,1,0,0,0,0,1,1,1,1,1,1,1,1,1,1
316.12,1,1,1,1,1,1,1,1,0,0,0,0,0,0,0,0,0,0,0,0,0
316.15,1,1,1,1,1,1,1,1,0,0,0,1,1,1,1,1,1,1,1,1,1
316.20,1,1,1,1,1,1,1,1,0,0,0,1,1,1,1,1,1,1,1,1,1
316.7,1,1,1,1,1,1,1,1,1,0,0,0,1,1,1,1,1,1,1,1,1
329.11,1,1,1,1,1,1,1,1,0,0,0,0,0,0,0,0,0,0,0,0,0
329.17,1,1,1,1,1,1,1,1,1,1,1,0,0,1,1,1,1,1,1,1,1
329.18,1,1,1,1,1,1,1,1,0,0,0,0,0,0,0,0,0,0,0,0,0
329.4,2,2,2,2,2,2,2,1,0,0,0,1,1,1,1,1,1,1,1,1,1
329.6,1,1,1,1,1,1,1,1,1,0,0,1,1,1,1,1,1,1,1,1,1
329.8,1,1,1,1,1,1,1,1,0,0,0,1,1,1,1,1,1,1,1,1,1
33.1,1,1,1,1,1,1,1,0,0,0,0,1,1,1,1,1,1,1,1,1,1
33.3,1,1,1,1,1,1,1,1,0,0,0,0,1,1,1,1,1,1,1,1,1
33.6,1,1,1,1,1,1,1,0,0,0,0,0,0,0,0,0,0,0,0,0,0
33.7,1,1,1,1,1,1,1,1,1,0,1,1,1,1,1,1,1,1,1,1,1
330.1,1,1,1,1,1,1,1,1,0,0,0,0,0,1,1,1,1,1,1,1,1
330.16,1,1,1,1,1,1,1,1,1,0,0,1,1,1,1,1,1,1,1,1,1
330.17,1,1,1,1,1,1,1,1,0,0,0,0,1,1,1,1,1,1,1,1,1
331.1,1,1,1,1,1,1,1,1,1,0,0,0,0,0,0,0,0,0,0,0,0
331.11,2,2,2,2,2,2,2,2,1,1,0,1,1,1,1,1,1,1,1,1,1
331.12,1,1,1,1,1,1,1,1,1,1,0,0,1,1,1,1,1,1,1,1,1
331.16,1,1,1,1,1,1,1,1,1,0,0,0,0,0,0,0,0,0,0,0,0
331.17,2,2,2,2,2,2,2,2,2,0,0,0,0,0,0,0,0,0,0,0,0
331.2,1,1,1,1,1,1,1,1,1,0,0,0,0,0,0,0,0,0,0,0,0
331.20,1,1,1,1,1,1,1,1,1,0,0,1,1,1,1,1,1,1,1,1,1
331.4,3,3,3,3,3,3,3,3,1,0,0,1,2,2,2,2,2,2,2,2,2
331.5,1,1,1,1,1,1,1,1,1,0,0,0,1,1,1,1,1,1,1,1,1
331.6,2,2,2,2,2,2,2,2,1,0,0,1,1,1,1,1,1,1,1,1,1
332.1,1,1,1,1,1,1,1,1,1,1,0,0,0,0,0,0,0,0,0,0,0
332.18,1,1,1,1,1,1,1,1,1,0,0,0,0,0,0,0,0,0,0,0,0
332.6,1,1,1,1,1,1,1,1,1,0,0,1,1,1,1,1,1,1,1,1,1
332.7,1,1,1,1,1,1,1,1,1,0,0,1,1,1,1,1,1,1,1,1,1
340.1,1,1,1,1,1,1,1,1,1,1,0,0,0,0,0,0,0,0,0,0,0
340.6,1,1,1,1,1,1,1,1,1,0,0,1,1,1,1,1,1,1,1,1,1
340.9,1,1,1,1,1,1,1,1,1,0,1,1,1,1,1,1,1,1,1,1,1
341.1,1,1,1,1,1,1,1,1,1,1,0,0,0,1,1,1,1,1,1,1,1
349.1,1,1,1,1,1,1,1,1,0,0,0,0,0,0,0,0,0,0,0,0,0
349.17,1,1,1,1,1,1,1,1,1,0,0,1,1,1,1,1,1,1,1,1,1
349.2,1,1,1,1,1,1,1,1,0,0,0,0,0,0,0,0,0,0,0,0,0
352.17,1,1,1,1,1,1,1,1,1,1,0,0,1,1,1,1,1,1,1,1,1
352.3,1,1,1,1,1,1,1,1,0,0,0,0,1,1,1,1,1,1,1,1,1
360.1,1,1,1,1,1,1,1,1,1,1,0,0,0,0,0,0,0,0,0,0,0
364.2,1,1,1,1,1,1,1,0,0,0,0,1,1,1,1,1,1,1,1,1,1
371.10,1,1,1,1,1,1,1,1,1,0,1,1,1,1,1,1,1,1,1,1,1
371.14,1,1,1,1,1,1,1,1,0,0,1,1,1,1,1,1,1,1,1,1,1
371.17,1,1,1,1,1,1,1,1,1,0,0,1,1,1,1,1,1,1,1,1,1
373.14,1,1,1,1,1,1,1,1,0,0,1,1,1,1,1,1,1,1,1,1,1
375.1,1,1,1,1,1,1,1,1,1,1,1,0,0,0,0,0,0,0,0,0,0
375.12,1,1,1,1,1,1,1,1,1,0,1,1,1,1,1,1,1,1,1,1,1
375.3,1,1,1,1,1,1,1,1,1,0,0,0,1,1,1,1,1,1,1,1,1
375.4,1,1,1,1,1,1,1,1,0,0,0,0,0,0,0,0,0,0,0,0,0
375.7,1,1,1,1,1,1,1,1,1,0,0,0,1,1,1,1,1,1,1,1,1
378.1,2,2,2,2,2,2,2,2,2,0,0,0,0,1,1,1,1,1,1,1,1
378.10,1,1,1,1,1,1,1,1,0,0,0,0,1,1,1,1,1,1,1,1,1
378.11,1,1,1,1,1,1,1,1,1,0,0,0,0,1,1,1,1,1,1,1,1
378.7,1,1,1,1,1,1,1,1,1,0,0,0,0,1,1,1,1,1,1,1,1
39.1,1,1,1,1,1,1,1,1,1,0,0,0,1,1,1,1,1,1,1,1,1
39.11,2,2,2,2,2,2,2,2,2,0,0,0,1,1,1,1,1,1,1,1,1
39.20,1,1,1,1,1,1,1,1,1,0,0,0,0,0,0,0,0,0,0,0,0
39.8,2,2,2,2,2,2,2,1,0,0,0,1,1,1,1,1,1,1,1,1,1
419.11,1,1,1,1,1,1,1,0,0,0,0,0,1,1,1,1,1,1,1,1,1
421.5,1,1,1,1,1,1,1,1,0,0,0,1,1,1,1,1,1,1,1,1,1
429.11,1,1,1,1,1,1,1,0,0,0,0,1,1,1,1,1,1,1,1,1,1
429.17,1,1,1,1,1,1,1,1,1,0,0,0,0,0,0,0,0,0,0,0,0
429.5,1,1,1,1,1,1,1,1,0,0,0,1,1,1,1,1,1,1,1,1,1
44.17,1,1,1,1,1,1,1,1,1,0,0,0,0,0,0,0,0,0,0,0,0
44.19,1,1,1,1,1,1,1,1,0,0,0,1,1,1,1,1,1,1,1,1,1
44.3,2,2,2,2,2,2,2,2,0,0,0,0,1,1,1,1,1,1,1,1,1
44.5,1,1,1,1,1,1,1,1,1,0,0,0,0,1,1,1,1,1,1,1,1
44.7,1,1,1,1,1,1,1,1,0,0,0,0,1,1,1,1,1,1,1,1,1
441.11,1,1,1,1,1,1,1,1,0,0,1,1,1,1,1,1,1,1,1,1,1
446.1,2,2,2,2,2,2,2,2,0,0,0,2,2,2,2,2,2,2,2,2,2
446.10,1,1,1,1,1,1,1,1,0,0,0,1,1,1,1,1,1,1,1,1,1
446.11,1,1,1,1,1,1,1,1,0,0,0,0,1,1,1,1,1,1,1,1,1
446.17,1,1,1,1,1,1,1,1,0,0,0,1,1,1,1,1,1,1,1,1,1
446.2,1,1,1,1,1,1,1,0,0,0,0,0,0,0,0,0,0,0,0,0,0
446.3,1,1,1,1,1,1,1,1,0,0,0,0,0,0,0,0,0,0,0,0,0
446.8,1,1,1,1,1,1,1,1,0,0,0,1,1,1,1,1,1,1,1,1,1
464.2,1,1,1,1,1,1,1,0,0,0,0,1,1,1,1,1,1,1,1,1,1
470.1,1,1,1,1,1,1,1,1,1,0,0,1,1,1,1,1,1,1,1,1,1
470.17,1,1,1,1,1,1,1,1,0,0,0,0,0,0,0,0,0,0,0,0,0
479.11,1,1,1,1,1,1,1,1,0,0,0,1,1,1,1,1,1,1,1,1,1
479.17,1,1,1,1,1,1,1,0,0,0,0,1,1,1,1,1,1,1,1,1,1
482.5,1,1,1,1,1,1,1,0,0,0,0,1,1,1,1,1,1,1,1,1,1
482.8,1,1,1,1,1,1,1,0,0,1,1,1,1,1,1,1,1,1,1,1,1
487.11,1,1,1,1,1,1,1,1,0,0,0,0,1,1,1,1,1,1,1,1,1
487.17,1,1,1,1,1,1,1,1,1,1,0,0,1,1,1,1,1,1,1,1,1
487.4,1,1,1,1,1,1,1,0,0,0,0,0,0,0,0,0,0,0,0,0,0
487.6,1,1,1,1,1,1,1,1,0,0,0,1,1,1,1,1,1,1,1,1,1
50.13,1,1,1,1,1,1,1,0,0,0,0,0,0,0,0,0,0,0,0,0,0
50.14,1,1,1,1,1,1,1,1,0,0,0,0,0,0,0,0,0,0,0,0,0
50.2,1,1,1,1,1,1,1,0,0,0,0,0,0,0,0,0,0,0,0,0,0
50.6,1,1,1,1,1,1,1,0,0,0,0,0,0,0,0,0,0,0,0,0,0
508.1,1,1,1,1,1,1,1,1,1,1,1,1,1,0,0,0,0,0,0,0,0
508.2,1,1,1,1,1,1,1,1,1,1,1,1,1,1,1,1,1,1,1,1,1
513.7,1,1,1,1,1,1,1,1,0,0,0,1,1,1,1,1,1,1,1,1,1
516.1,1,1,1,1,1,1,1,1,1,1,0,1,1,1,1,1,1,1,1,1,1
516.2,1,1,1,1,1,1,1,0,0,0,0,1,1,1,1,1,1,1,1,1,1
522.1,1,1,1,1,1,1,1,1,1,0,0,0,0,0,0,0,0,0,0,0,0
522.11,1,1,1,1,1,1,1,0,1,0,0,0,1,1,1,1,1,1,1,1,1
522.17,1,1,1,1,1,1,1,1,1,1,0,0,1,1,1,1,1,1,1,1,1
522.21,1,1,1,1,1,1,1,1,0,0,1,1,1,1,1,1,1,1,1,1,1
522.3,1,1,1,1,1,1,1,1,0,0,0,0,1,1,1,1,1,1,1,1,1
522.4,1,1,1,1,1,1,1,1,0,0,0,1,1,1,1,1,1,1,1,1,1
544.17,1,1,1,1,1,1,1,1,1,0,0,1,1,1,1,1,1,1,1,1,1
544.2,2,2,2,2,2,2,2,0,0,0,0,1,1,1,1,1,1,1,1,1,1
545.17,1,1,1,1,1,1,1,1,1,0,0,0,0,0,0,0,0,0,0,0,0
57.1,1,1,1,1,1,1,1,1,1,0,0,1,1,1,1,1,1,1,1,1,1
57.12,1,1,1,1,1,1,1,1,1,1,0,0,0,1,1,1,1,1,1,1,1
57.13,1,1,1,1,1,1,1,1,0,0,0,0,1,1,1,1,1,1,1,1,1
57.14,1,1,1,1,1,1,1,1,1,0,0,0,0,0,0,0,0,0,0,0,0
57.16,1,1,1,1,1,1,1,1,1,0,0,0,1,1,1,1,1,1,1,1,1
57.17,1,1,1,1,1,1,1,1,0,0,0,0,0,0,0,0,0,0,0,0,0
57.5,1,1,1,1,1,1,1,1,1,1,0,0,0,0,0,0,0,0,0,0,0
57.7,1,1,1,1,1,1,1,1,1,0,0,1,1,1,1,1,1,1,1,1,1
57.8,1,1,1,1,1,1,1,1,1,1,0,0,0,0,0,0,0,0,0,0,0
586.1,1,1,1,1,1,1,1,0,0,0,0,1,1,1,1,1,1,1,1,1,1
587.1,1,1,1,1,1,1,1,1,1,0,0,1,1,1,1,1,1,1,1,1,1
587.17,1,1,1,1,1,1,1,1,1,0,1,1,1,1,1,1,1,1,1,1,1
591.1,1,1,1,1,1,1,1,1,1,1,0,0,0,1,1,1,1,1,1,1,1
592.1,1,1,1,1,1,1,1,0,0,0,0,0,0,0,0,0,0,0,0,0,0
592.2,1,1,1,1,1,1,1,1,0,0,0,0,1,1,1,1,1,1,1,1,1
592.3,1,1,1,1,1,1,1,1,0,0,0,0,0,0,0,0,0,0,0,0,0
593.11,1,1,1,1,1,1,1,1,1,1,1,0,0,0,0,0,1,1,1,1,1
66.1,1,1,1,1,1,1,1,1,1,0,1,1,1,1,1,1,1,1,1,1,1
66.17,1,1,1,1,1,1,1,1,0,0,0,0,1,1,1,1,1,1,1,1,1
66.21,1,1,1,1,1,1,1,1,0,0,0,1,1,1,1,1,1,1,1,1,1
66.5,1,1,1,1,1,1,1,0,0,0,0,1,1,1,1,1,1,1,1,1,1
67.19,1,1,1,1,1,1,1,0,0,0,0,1,1,1,1,1,1,1,1,1,1
79.5,1,1,1,1,1,1,1,1,0,0,0,0,1,1,1,1,1,1,1,1,1
8.1,1,1,1,1,1,1,1,1,0,0,0,1,1,1,1,1,1,1,1,1,1
8.11,1,1,1,1,1,1,1,1,1,1,0,0,0,1,1,1,1,1,1,1,1
8.12,1,1,1,1,1,1,1,1,1,0,0,0,1,1,1,1,1,1,1,1,1
8.17,1,1,1,1,1,1,1,1,1,1,0,0,0,1,1,1,1,1,1,1,1
8.18,1,1,1,1,1,1,1,0,0,0,0,1,1,1,1,1,1,1,1,1,1
8.2,1,1,1,1,1,1,1,1,1,0,0,1,1,1,1,1,1,1,1,1,1
8.20,1,1,1,1,1,1,1,1,1,0,0,1,1,1,1,1,1,1,1,1,1
8.7,1,1,1,1,1,1,1,1,0,0,0,0,1,1,1,1,1,1,1,1,1
9.1,1,1,1,1,1,1,1,1,1,1,0,0,0,1,1,1,1,1,1,1,1
91.12,1,1,1,1,1,1,1,1,1,1,0,0,0,1,1,1,1,1,1,1,1
91.17,1,1,1,1,1,1,1,1,1,0,0,0,0,1,1,1,1,1,1,1,1
91.7,1,1,1,1,1,1,1,0,0,0,0,1,1,1,1,1,1,1,1,1,1
91.X,1,1,1,1,1,1,1,1,1,0,0,0,1,1,1,1,1,1,1,1,1
94.11,1,1,1,1,1,1,1,1,0,0,0,0,0,1,1,1,1,1,1,1,1
94.16,1,1,1,1,1,1,1,1,1,0,0,1,1,1,1,1,1,1,1,1,1
94.17,1,1,1,1,1,1,1,1,1,1,0,0,0,1,1,1,1,1,1,1,1
94.3,1,1,1,1,1,1,1,1,0,0,0,0,1,1,1,1,1,1,1,1,1
94.4,1,1,1,1,1,1,1,1,0,0,0,0,1,1,1,1,1,1,1,1,1
96.10,1,1,1,1,1,1,1,0,0,0,0,0,0,0,0,0,0,0,0,0,0
96.14,1,1,1,1,1,1,1,1,0,0,0,0,0,0,0,0,0,0,0,0,0
